date,real_gdp,consumption_c,investment_i,government_g,exports_x,imports_m,c_share_percent,i_share_percent,g_share_percent,x_share_percent,m_share_percent,net_exports,net_exports_share_percent
1947-01-01,2182.681,1351.397,227.242,560.515,93.767,53.861,61.91454454407217,10.411141160801785,25.68011541769045,4.295955295345495,2.467653312600421,39.906,1.8283019827450735
1947-04-01,2176.892,1373.88,209.836,560.091,92.584,54.898,63.11199636913546,9.63924714684973,25.728929133829332,4.253035979736248,2.521852255417357,37.686,1.7311837243188914
1947-07-01,2172.432,1378.358,203.662,560.034,87.885,48.687,63.44769364472628,9.374838890239143,25.779126803508696,4.045466095141299,2.2411288362535626,39.19800000000001,1.8043372588877356
1947-10-01,2206.452,1378.796,243.072,555.556,77.928,51.312,62.489281434628985,11.01641911992647,25.178703185022833,3.5318239417852726,2.325543451659043,26.616,1.2062804901262298
1948-01-01,2239.682,1385.667,268.012,563.895,74.373,57.862,61.86891710519619,11.96652024707079,25.177458228444934,3.3206946343275527,2.583491763562863,16.511000000000003,0.737202870764689
1948-04-01,2276.69,1401.789,284.598,583.846,67.42,60.156,61.571360176396425,12.500516100127818,25.644510231959554,2.961316648292038,2.642256960763213,7.264000000000003,0.31905968752882485
1948-07-01,2289.77,1403.859,287.514,596.087,69.005,63.297,61.3100442402512,12.55645763548304,26.032614629416926,3.0136214554300214,2.764338776383654,5.707999999999998,0.24928267904636703
1948-10-01,2292.364,1415.063,273.765,618.1,66.573,62.27,61.729419935053954,11.942475104302806,26.96343163651148,2.904119939067268,2.7164097848334734,4.30299999999999,0.1877101542337949
1949-01-01,2260.807,1417.353,232.885,634.547,74.54,60.402,62.692348351716895,10.30096775178067,28.067278631037507,3.297052778056685,2.671700857260262,14.138000000000005,0.6253519207964239
1949-04-01,2253.128,1439.077,201.926,662.174,73.902,59.521,63.87018402860378,8.962029676076991,29.389098178177182,3.2799734413668467,2.641705220475712,14.381,0.6382682208911344
1949-07-01,2276.424,1442.341,218.667,665.721,67.729,57.095,63.35994524745829,9.605723714035697,29.24415662460069,2.9752365991572747,2.5081004241740557,10.634,0.46713617498321935
1949-10-01,2257.352,1463.488,207.912,654.121,58.631,57.955,64.83206872477133,9.210437716404,28.977359313035805,2.597335284882464,2.567388692592028,0.6760000000000019,0.02994659229043596
1950-01-01,2346.104,1487.854,257.271,642.039,57.665,59.575,63.41807524304124,10.96588216038164,27.366178140440496,2.4579046794174513,2.539316245145143,-1.9100000000000037,-0.08141156572769169
1950-04-01,2417.682,1512.357,284.803,653.806,58.361,62.863,62.554008343529055,11.780002498260732,27.04267972380156,2.413923750104439,2.6001351707958285,-4.5020000000000024,-0.18621142069138963
1950-07-01,2511.127,1590.019,309.285,643.275,59.875,77.573,63.31894006157395,12.316581359684319,25.61698392793355,2.384387567813177,3.0891707189640347,-17.697999999999993,-0.7047831511508575
1950-10-01,2559.214,1542.087,348.585,688.73,64.728,77.719,60.25627399662553,13.620783568705077,26.911778381956335,2.529214047750598,3.0368308394686805,-12.991,-0.5076167917180822
1951-01-01,2593.967,1579.375,312.966,762.013,67.963,77.724,60.886472341398324,12.065149633746303,29.37635675396025,2.6200410413856456,2.996337270289098,-9.76100000000001,-0.3762962289034521
1951-04-01,2638.898,1534.744,320.221,863.552,74.651,75.148,58.15851920006002,12.13464862984473,32.72396280568631,2.828870232953301,2.8477038521382787,-0.4969999999999999,-0.018833619184977966
1951-07-01,2693.259,1552.624,296.643,958.43,76.485,68.784,57.64852173519145,11.014276755410451,35.58625442261587,2.839867981504935,2.5539318721296396,7.700999999999993,0.2859361093752956
1951-10-01,2699.156,1561.67,273.007,1009.059,75.767,66.985,57.85771552292643,10.114532098181803,37.38424159255708,2.807062652177199,2.4817016874904603,8.781999999999996,0.325360964686739
1952-01-01,2727.954,1565.288,280.13,1039.017,79.8,74.757,57.379559919265496,10.26886817006445,38.08777567363673,2.925269267736919,2.7404054467194094,5.042999999999992,0.18486382101750953
1952-04-01,2733.8,1595.941,259.01,1074.374,71.028,74.371,58.37811837003438,9.474358036432804,39.299656156265996,2.5981417806715927,2.7204257809642254,-3.3429999999999893,-0.12228400029263256
1952-07-01,2753.517,1603.596,272.895,1085.214,65.418,78.921,58.23810058191034,9.91077955937806,39.41192300610455,2.3757979340603312,2.8661889503496805,-13.503,-0.4903910162893492
1952-10-01,2843.941,1660.168,292.552,1103.302,65.866,85.997,58.375613277490636,10.28685194242778,38.79482731885085,2.316011478437844,3.0238672321261237,-20.131,-0.7078557536882798
1953-01-01,2896.811,1679.665,298.847,1138.261,64.752,83.877,57.98324433316498,10.316413462942524,39.293588708410724,2.2352856296113206,2.8954943902104757,-19.125,-0.6602087605991555
1953-04-01,2919.206,1689.777,300.547,1161.607,65.156,88.227,57.884815254558944,10.295505010609048,39.7918817651101,2.2319767772469636,3.0222944184137743,-23.070999999999998,-0.7903176411668104
1953-07-01,2902.785,1685.752,294.261,1149.285,67.767,87.891,58.07360862068669,10.137195830900326,39.592494793792866,2.3345511293464725,3.0278163901219006,-20.12400000000001,-0.693265260775428
1953-10-01,2858.845,1674.449,272.998,1146.434,65.534,83.568,58.570821433131215,9.549241039650628,40.10129965073308,2.2923243477698163,2.923138540214667,-18.033999999999992,-0.6308141924448507
1954-01-01,2845.192,1680.625,271.041,1116.653,62.595,78.742,59.068948598196535,9.526281530385296,39.247017424483126,2.2000272740820304,2.7675460917927506,-16.147000000000006,-0.5675188177107205
1954-04-01,2848.305,1702.449,270.402,1078.86,71.588,85.824,59.77060040971737,9.49343556957559,37.87726384639286,2.5133544336017386,3.013160458588529,-14.236000000000004,-0.49980602498679055
1954-07-01,2880.482,1725.489,283.451,1055.542,69.288,80.647,59.902787102991795,9.840401710547054,36.64463100272801,2.4054307577690124,2.7997744821873565,-11.359000000000009,-0.3943437244183442
1954-10-01,2936.852,1761.703,295.882,1049.2,72.479,81.412,59.98610076367484,10.074801181673438,35.7253276637706,2.467914624230298,2.772083850326813,-8.933000000000007,-0.3041692260965145
1955-01-01,3020.746,1801.231,325.442,1049.83,75.172,86.223,59.6286811271123,10.773563881239932,34.753997853510356,2.4885243578904017,2.854361141254511,-11.051000000000002,-0.36583678336410946
1955-04-01,3069.91,1835.737,345.235,1039.546,73.419,91.112,59.797746513741444,11.245769419950422,33.86242593431078,2.391568482463655,2.9679045965516906,-17.692999999999998,-0.5763361140880352
1955-07-01,3111.379,1858.411,350.533,1046.213,78.238,92.645,59.729496149456565,11.266162045832411,33.6253796146339,2.5145763341592264,2.977618605769339,-14.406999999999996,-0.4630422716101123
1955-10-01,3130.068,1881.748,358.661,1025.47,78.59,96.002,60.11843832146777,11.458568951217671,32.76190804800407,2.5108080719013133,3.06708991625741,-17.411999999999992,-0.5562818443560967
1956-01-01,3117.922,1884.805,348.42,1025.219,82.321,100.032,60.450678368477476,11.174750362581234,32.88148324428899,2.640252065317862,3.2082906499906025,-17.711,-0.5680385846727403
1956-04-01,3143.694,1891.074,345.678,1045.932,87.867,99.511,60.154518855842845,10.995917541592789,33.2707954400142,2.7950239431700417,3.1654162268974018,-11.643999999999991,-0.37039228372735994
1956-07-01,3140.874,1895.35,342.583,1036.749,90.792,100.376,60.34466839484806,10.90725065698274,33.00829641685722,2.890660370330042,3.1957983669513648,-9.584000000000003,-0.30513799662132274
1956-10-01,3192.57,1921.479,339.406,1063.129,94.86,95.771,60.18596303291706,10.631121635547537,33.30009991950059,2.9712739266484367,2.9998089313625074,-0.9110000000000014,-0.028535004714070528
1957-01-01,3213.011,1934.843,334.137,1085.921,101.041,103.391,60.21899707159422,10.399497542958926,33.797612270857464,3.1447449137273416,3.2178850305834623,-2.3500000000000085,-0.07314011685612058
1957-04-01,3205.97,1938.216,333.798,1080.303,98.048,104.198,60.45646091510526,10.411763054551354,33.69660352405045,3.0582943695667772,3.25012398743594,-6.1499999999999915,-0.19182961786916258
1957-07-01,3237.386,1953.532,341.451,1089.494,95.307,102.186,60.342881571737195,10.547120423699862,33.653509343649475,2.9439492232313356,3.156435469851294,-6.879000000000005,-0.21248624661995835
1957-10-01,3203.894,1954.346,315.195,1107.405,92.467,102.531,60.99908423936623,9.837872289158131,34.56434576175117,2.8860817492713555,3.2001995072246463,-10.064000000000007,-0.31411775795329083
1958-01-01,3120.724,1927.309,293.932,1097.821,83.302,104.048,61.7583932446445,9.418711811746249,35.17840731830177,2.669316479124716,3.334098113130158,-20.745999999999995,-0.6647816340054421
1958-04-01,3141.224,1943.243,288.01,1125.194,83.692,108.497,61.86260515009435,9.168718945226447,35.82024077238681,2.6643117459945547,3.453972082220179,-24.805000000000007,-0.7896603362256243
1958-07-01,3213.884,1975.484,310.114,1131.649,83.936,106.863,61.46718425431658,9.6491970463153,35.21125840260569,2.6116686227629873,3.3250422230547216,-22.926999999999992,-0.713373600291734
1958-10-01,3289.032,2002.318,336.555,1154.467,83.634,112.484,60.87864149695108,10.23264595783805,35.10050981565397,2.5428150288595552,3.4199728065886856,-28.849999999999994,-0.8771577777291311
1959-01-01,3352.129,2039.017,354.894,1142.671,89.697,115.44,60.82752185253014,10.587122392962801,34.087918454212236,2.67582184337178,3.443781548979768,-25.742999999999995,-0.7679597056079881
1959-04-01,3427.667,2070.508,382.5,1156.74,88.981,121.057,60.40575120045209,11.159193702305387,33.747152217528715,2.595963960326368,3.5317608157385183,-32.07600000000001,-0.9357968554121509
1959-07-01,3430.057,2092.138,357.798,1166.589,97.562,122.212,60.99426336063804,10.431255224038551,34.01077591421951,2.844325910618978,3.562972860217775,-24.650000000000006,-0.7186469495987969
1959-10-01,3439.832,2094.495,369.442,1157.052,92.734,119.109,60.88945622925771,10.740117540624079,33.63687528925831,2.695887473574291,3.46264003590873,-26.375,-0.7667525623344396
1960-01-01,3517.181,2114.532,406.581,1137.363,104.686,123.608,60.12007912018176,11.55985432651888,32.33734630091542,2.976417761838245,3.5144054286657416,-18.921999999999997,-0.5379876668274961
1960-04-01,3498.246,2141.205,368.686,1150.17,107.689,124.527,61.207959646062626,10.53916734271975,32.87847681380897,3.078371275204774,3.5596982030423248,-16.838000000000008,-0.48132692783755077
1960-07-01,3515.385,2132.646,367.749,1178.324,110.036,120.857,60.66607213719123,10.461130146484667,33.51905979003722,3.1301265721962173,3.4379449192620433,-10.820999999999998,-0.3078183470658263
1960-10-01,3470.278,2135.408,327.01,1186.511,110.622,115.156,61.53420561695634,9.4231643689641,34.19066138217169,3.1876985071513007,3.3183508641094464,-4.534000000000006,-0.1306523569581459
1961-01-01,3493.703,2134.615,335.496,1204.136,109.861,114.599,61.0989256957446,9.602876947468058,34.46589478269904,3.1445431967170654,3.280158616802859,-4.7379999999999995,-0.13561542008579433
1961-04-01,3553.021,2166.382,359.004,1207.172,104.748,115.998,60.97295794198796,10.104190208839183,33.975932030798575,2.9481390625048376,3.2647710216179413,-11.25,-0.31663195911310404
1961-07-01,3621.252,2176.916,386.914,1232.997,109.482,123.682,60.115009946836075,10.684536729285893,34.048914574296404,3.0233190067965445,3.4154485796625034,-14.200000000000003,-0.3921295728659592
1961-10-01,3692.289,2220.704,393.316,1260.059,111.267,126.623,60.144371147545606,10.652362260917277,34.12677068344325,3.0134965058260605,3.429390277954949,-15.356000000000009,-0.41589377212888823
1962-01-01,3758.147,2244.227,414.522,1284.377,110.613,130.476,59.71631764271063,11.029957050642244,34.175805257218514,2.943285613894294,3.471817361055861,-19.863,-0.5285317471615666
1962-04-01,3792.149,2271.817,411.253,1290.924,116.97,133.323,59.9084318680516,10.84485340634031,34.04201680893868,3.0845306975016014,3.5157637529538004,-16.35300000000001,-0.431233055452199
1962-07-01,3838.776,2290.126,418.241,1320.783,116.765,135.014,59.65771381294454,10.895165542349957,34.40635765150141,3.0417247580999778,3.51711066235696,-18.24900000000001,-0.4753859042569822
1962-10-01,3851.421,2322.53,406.004,1329.937,112.988,136.664,60.30319718358498,10.541667607877717,34.531073076664434,2.933670455657795,3.5484046018339725,-23.675999999999988,-0.6147341461761773
1963-01-01,3893.482,2338.799,427.366,1311.923,114.704,133.501,60.06959836978828,10.976447303467692,33.69536574202732,2.9460518887720553,3.4288331113383856,-18.79700000000001,-0.4827812225663304
1963-04-01,3937.183,2360.869,434.164,1312.902,123.873,136.644,59.963405307805104,11.02727508474968,33.34622749310866,3.1462342492081268,3.4706032206275403,-12.771,-0.32436897141941334
1963-07-01,4023.755,2392.896,447.531,1371.177,123.253,140.113,59.469227127397176,11.122222898759988,34.07704991978885,3.063133814061741,3.4821454089525825,-16.86,-0.419011594890842
1963-10-01,4050.147,2412.836,452.965,1357.005,128.07,139.654,59.574035214030495,11.183915052959806,33.505080185978436,3.162107449433317,3.4481217595311975,-11.584000000000003,-0.2860143100978805
1964-01-01,4135.553,2460.191,469.918,1361.263,134.547,139.523,59.48880355299521,11.36288182015803,32.91610577835661,3.253422214634899,3.373744696295755,-4.975999999999999,-0.12032248166085645
1964-04-01,4180.592,2503.709,468.225,1373.511,133.998,142.663,59.88886262998159,11.199968808245341,32.854461760439676,3.2052398320620625,3.412507128177063,-8.66500000000002,-0.2072672961150005
1964-07-01,4245.918,2549.958,479.154,1375.153,138.193,146.492,60.05669445335498,11.28505072401304,32.387648560334895,3.2547260686617125,3.4501843888647876,-8.298999999999978,-0.19545832020307458
1964-10-01,4259.046,2557.236,483.706,1374.59,140.975,150.454,60.042460212920915,11.357144299451097,32.27459858381431,3.3100135570266205,3.5325751353706907,-9.479000000000013,-0.22256157834407078
1965-01-01,4362.111,2614.265,529.824,1373.018,124.567,145.038,59.93118927968592,12.14604580213571,31.47599866211566,2.8556586478427533,3.3249497777566877,-20.471000000000018,-0.4692911299139343
1965-04-01,4417.225,2643.097,531.216,1389.271,145.419,162.154,59.83614146890864,12.026011806054706,31.45121654432364,3.292089490573833,3.67094725761083,-16.734999999999985,-0.3788577670369968
1965-07-01,4515.427,2688.512,549.712,1435.36,142.188,162.819,59.540592727996724,12.174086747499185,31.787912859625457,3.1489380738521517,3.6058383847197617,-20.631,-0.4569003108676101
1965-10-01,4619.458,2764.094,553.352,1462.544,150.878,170.763,59.83589416767076,11.97872131319302,31.66051082183235,3.266140746381935,3.6966025018519493,-19.88500000000002,-0.4304617554700145
1966-01-01,4731.888,2804.899,597.563,1489.775,147.16,175.164,59.2765297910686,12.628426539258747,31.483733342801017,3.1099637184988316,3.7017782331280875,-28.00399999999999,-0.5918145146292556
1966-04-01,4748.046,2812.086,588.717,1517.912,151.583,179.52,59.22617430412426,12.399142721026713,31.969193221801135,3.192534360450593,3.7809237736955366,-27.937000000000012,-0.5883894132449435
1966-07-01,4788.254,2844.198,584.373,1559.275,149.771,189.589,59.39948047868805,12.204302445108386,32.564584084302965,3.1278833579003953,3.9594599618148916,-39.81800000000001,-0.8315766039144961
1966-10-01,4827.537,2856.047,587.798,1586.198,153.495,191.724,59.16157659692717,12.175939821900899,32.85729348112712,3.1795716946343444,3.9714661948732863,-38.228999999999985,-0.7918945002389414
1967-01-01,4870.299,2872.504,573.373,1653.233,155.38,194.717,58.98003387471693,11.772850085795556,33.94520541757293,3.1903585385620064,3.998050222378544,-39.33700000000002,-0.8076916838165381
1967-04-01,4873.287,2911.776,552.629,1646.377,153.314,193.17,59.74973359869836,11.339964176129993,33.78370697231663,3.1460080229216953,3.9638543759068563,-39.855999999999995,-0.8178463529851616
1967-07-01,4919.392,2926.685,568.833,1664.669,152.084,195.707,59.492819437849235,11.563075274342847,33.83891749224295,3.091520252909303,3.978276177218648,-43.62299999999999,-0.8867559243093454
1967-10-01,4956.477,2944.594,581.104,1677.307,154.952,206.028,59.40901168309669,11.724133895910342,33.8407098428985,3.126252779948338,4.156742783230912,-51.07599999999999,-1.0304900032825735
1968-01-01,5057.553,3015.162,592.754,1707.281,159.305,218.167,59.617012416874324,11.720173767828038,33.75705603085129,3.1498434124170327,4.3136868758468765,-58.861999999999995,-1.1638434634298442
1968-04-01,5142.033,3061.075,615.427,1716.107,161.97,221.494,59.530442531193394,11.968554071901133,33.374095421013436,3.1499214415776793,4.307518057546499,-59.524,-1.15759661596882
1968-07-01,5181.859,3118.445,598.643,1721.216,173.487,234.806,60.18004349404335,11.552668646522415,33.21618747248815,3.347968364249201,4.5313081656602385,-61.31900000000002,-1.1833398014110383
1968-10-01,5202.212,3132.511,605.155,1722.739,169.631,232.828,60.214981627046335,11.632647804433958,33.1155093256484,3.2607475435449382,4.475557705068535,-63.197,-1.214810161523598
1969-01-01,5283.597,3167.245,640.79,1726.594,149.913,210.867,59.94486331943939,12.127912102304547,32.67838179179828,2.837328433640946,3.990974330555491,-60.95399999999998,-1.1536458969145447
1969-04-01,5299.625,3187.677,637.015,1721.163,182.766,252.469,60.1491048894969,12.020001415194471,32.47707149090738,3.448659103238436,4.763903106351865,-69.703,-1.3152440031134278
1969-07-01,5334.6,3203.218,649.948,1724.612,179.708,249.198,60.04607655681775,12.183631387545457,32.3287969107337,3.36872492782964,4.671353053649758,-69.49000000000001,-1.3026281258201178
1969-10-01,5308.556,3228.82,618.565,1701.376,184.409,246.46,60.82294318831713,11.652227083975381,32.04969486994204,3.4738071897517897,4.642693794696712,-62.051000000000016,-1.1688866049449231
1970-01-01,5300.652,3248.853,600.116,1693.165,186.842,245.653,61.29157318760032,11.32155063188453,31.942579893945123,3.5248871270930446,4.634392146475565,-58.81099999999998,-1.1095050193825209
1970-04-01,5308.164,3263.571,601.421,1673.464,194.082,250.508,61.48210567721721,11.330113387604454,31.52623016169056,3.6562924581832816,4.719296540197327,-56.426000000000016,-1.0630040820140452
1970-07-01,5357.077,3292.183,611.208,1680.531,194.859,249.933,61.454838151477006,11.40935625901961,31.370297645525717,3.6374127159269882,4.665473354219101,-55.073999999999984,-1.028060638292113
1970-10-01,5299.672,3283.245,578.757,1681.319,195.263,253.809,61.95185286938513,10.920619238322674,31.7249633562228,3.684435565068933,4.789145441453735,-58.54599999999999,-1.1047098763848027
1971-01-01,5443.619,3346.268,646.232,1656.742,197.046,250.817,61.471385120817615,11.871367191568698,30.434569355423296,3.619761044995985,4.607541416840525,-53.771000000000015,-0.9877803718445398
1971-04-01,5473.059,3377.022,664.569,1652.914,195.588,269.738,61.702641977731275,12.142551359303818,30.20091689126684,3.5736504941751948,4.9284687046129045,-74.15,-1.3548182104377096
1971-07-01,5518.072,3403.947,672.632,1652.012,205.365,275.701,61.68725235915733,12.18961985273117,29.938210302438968,3.7216803260269167,4.996328427755202,-70.33600000000001,-1.274648101728285
1971-10-01,5531.032,3460.427,654.519,1640.336,186.407,257.013,62.563857884025985,11.833578254474029,29.656960943274242,3.3702028843803475,4.646745851407115,-70.60599999999997,-1.2765429670267676
1972-01-01,5632.649,3506.098,697.648,1649.269,207.596,294.575,62.24598763388238,12.385788640478042,29.280521473999176,3.6855838167796353,5.2297773214698795,-86.978999999999985,-1.544193504690244
1972-04-01,5760.47,3572.842,737.276,1655.872,201.538,284.109,62.023446003537906,12.798886201993934,28.745432230356204,3.4986381319579825,4.932045475455995,-82.57099999999997,-1.4334073434980126
1972-07-01,5814.854,3627.904,747.745,1624.317,213.689,290.022,62.39028529349145,12.859222260782472,27.93392577010532,3.674881604937974,4.987605879700505,-76.333,-1.3127242747625305
1972-10-01,5912.22,3713.038,752.434,1637.754,222.725,303.087,62.802771209461085,12.72675915307617,27.70116808914418,3.767197431759982,5.126449962958076,-80.362,-1.3592525311980945
1973-01-01,6058.544,3780.829,796.53,1651.865,239.018,317.093,62.404911146968644,13.14721820952361,27.26504916032631,3.945139294193457,5.233815253301784,-78.07500000000002,-1.2886759591083274
1973-04-01,6124.506,3779.125,830.483,1640.23,250.533,307.953,61.704976695263255,13.559999777941274,26.78142531005766,4.090664618501475,5.028209622131156,-57.41999999999999,-0.9375450036296803
1973-07-01,6092.301,3792.426,800.37,1620.936,251.377,299.446,62.249485046782816,13.137400794872084,26.6063019538923,4.12614215876727,4.915154389121614,-48.06900000000002,-0.7890122303543442
1973-10-01,6150.131,3781.115,828.879,1633.097,263.743,301.679,61.48023513645481,13.47742023706487,26.553857145481942,4.288412718363235,4.905245107787135,-37.93599999999998,-0.6168323894238997
1974-01-01,6097.258,3747.286,781.544,1662.599,267.163,291.445,61.45854415214183,12.817958498721884,27.267978491315276,4.381690917458307,4.779935505435394,-24.281999999999982,-0.3982445879770871
1974-04-01,6111.751,3760.779,778.425,1670.929,280.191,306.886,61.53357687510502,12.736530005885383,27.33961183955302,4.5844636013476325,5.021245139077165,-26.69500000000005,-0.436781537729532
1974-07-01,6053.978,3776.934,738.08,1674.253,265.095,301.525,62.38763999472744,12.191653157642794,27.655419296204908,4.378856348668595,4.980609443906139,-36.42999999999995,-0.6017530952375438
1974-10-01,6030.464,3721.726,742.56,1682.266,272.02,298.537,61.71541692314223,12.313480355740452,27.8961287224333,4.510764014178677,4.950481422325048,-26.516999999999996,-0.43971740814637145
1975-01-01,5957.035,3752.942,622.949,1700.574,273.917,268.587,63.00016702940305,10.457366794051067,28.547322619390354,4.598210351290533,4.50873630925452,5.329999999999984,0.08947404203601261
1975-04-01,5999.61,3814.672,604.403,1686.211,265.932,247.093,63.581999496633955,10.074038145812812,28.10534351399508,4.432488111727262,4.118484368150597,18.839000000000027,0.31400374357666627
1975-07-01,6102.326,3868.889,651.26,1717.716,261.446,267.626,63.40023459906927,10.672323963026557,28.148545325176006,4.284366321956579,4.385639180863166,-6.17999999999995,-0.1012728589065866
1975-10-01,6184.53,3910.492,669.438,1732.769,276.228,281.895,63.23022121325308,10.824395709940772,28.017796016835554,4.466434797793851,4.558066659875528,-5.666999999999973,-0.09163186208167756
1976-01-01,6323.649,3988.677,734.031,1735.49,274.321,299.528,63.07555969662453,11.607712572282235,27.44443912051412,4.338017495910985,4.736632283037848,-25.206999999999994,-0.39861478712686294
1976-04-01,6370.025,4025.375,763.083,1716.171,277.087,312.507,63.19245214893191,11.979277946318891,26.941354233303638,4.349857339649374,4.905899113425772,-35.420000000000016,-0.5560417737763983
1976-07-01,6404.895,4067.757,765.742,1711.14,285.137,325.3,63.51012780068994,11.955574603486863,26.71612883583572,4.451860647208112,5.078927913728484,-40.16300000000001,-0.6270672665203725
1976-10-01,6451.177,4120.536,771.471,1710.087,288.03,336.15,63.87262355381041,11.95860848338218,26.508139522446832,4.464766661959515,5.210677059395518,-48.120000000000005,-0.7459103974360028
1977-01-01,6527.703,4169.104,807.213,1724.629,283.395,351.879,63.86785673306521,12.365957826206246,26.420151161901817,4.341419945116988,5.390548558964769,-68.48400000000004,-1.0491286138477813
1977-04-01,6654.466,4191.711,865.083,1740.413,291.032,355.215,62.99094472794662,13.00003636655443,26.154059544372153,4.373483912909014,5.337994062934576,-64.18299999999999,-0.9645101500255616
1977-07-01,6774.457,4231.345,908.859,1747.409,293.29,350.314,62.46028279462104,13.415968246606333,25.79408209395971,4.32935067710962,5.171100798189434,-57.024,-0.8417501210798148
1977-10-01,6774.592,4294.965,886.06,1743.244,283.887,355.295,63.398135267777015,13.079164029361474,25.73208836783086,4.190466377901429,5.244522474563782,-71.40800000000002,-1.054056096662353
1978-01-01,6796.26,4319.094,903.329,1743.682,290.59,379.1,63.551041308013524,13.291560358197007,25.656493424324555,4.27573400664483,5.578067937365551,-88.51000000000005,-1.3023339307207207
1978-04-01,7058.92,4411.431,962.001,1787.41,320.884,380.28,62.49441840961506,13.628161248462936,25.32129560896001,4.545794540807942,5.38722637457288,-59.39599999999996,-0.8414318337649379
1978-07-01,7129.915,4429.955,990.029,1803.917,324.405,385.238,62.131946874541974,13.88556525568678,25.300680302640355,4.549913989156954,5.403121916600688,-60.83300000000003,-0.8532079274437356
1978-10-01,7225.75,4465.702,1012.924,1820.148,337.281,390.525,61.80260872573782,14.018254160467771,25.189745009168597,4.667764591910874,5.404629277237657,-53.24399999999997,-0.7368646853267823
1979-01-01,7238.727,4488.83,1014.607,1802.151,337.545,389.471,62.01131773583947,14.016373320889155,24.895965823825104,4.663043653946337,5.380379726987909,-51.92599999999999,-0.717336073041572
1979-04-01,7246.454,4485.916,1013.693,1819.707,338.425,391.58,61.90498138813826,13.988814391149107,25.1116891102876,4.670215252867127,5.403746439292929,-53.15499999999997,-0.7335311864258018
1979-07-01,7300.281,4529.568,996.622,1825.02,350.604,385.603,62.046488347503335,13.651830662408749,24.999311670331593,4.802609652970892,5.282029554752755,-34.999000000000024,-0.4794199017818633
1979-10-01,7318.535,4540.839,978.943,1837.039,372.664,394.013,62.04573729578392,13.376215321782297,25.101184868283067,5.092057358474066,5.383768746067348,-21.34899999999999,-0.29171138759328186
1980-01-01,7341.557,4534.348,972.248,1864.003,383.064,394.279,61.762756864790404,13.24307636649828,25.38975043032425,5.217748769096256,5.370509280252132,-11.214999999999975,-0.15276051115587572
1980-04-01,7190.289,4432.231,889.579,1867.666,390.286,365.647,61.64190340610788,12.371950557202915,25.97483911981841,5.4279598497362205,5.085289339552277,24.63900000000001,0.34267051018394407
1980-07-01,7181.743,4480.849,830.866,1842.245,389.455,339.334,62.392221498318726,11.5691413630368,25.651781190165114,5.4228479075344245,4.724953259953747,50.12099999999998,0.6978946475806775
1980-10-01,7315.677,4541.39,908.306,1841.838,387.096,357.53,62.07750834270021,12.41588440823727,25.176589945127432,5.291321637081571,4.887175855358294,29.56600000000003,0.4041457817232777
1981-01-01,7459.022,4556.603,992.376,1866.472,394.376,372.79,61.088477819210084,13.304371538252601,25.023012400285182,5.287234707177428,4.9978401994256085,21.585999999999956,0.28939450775181996
1981-04-01,7403.745,4556.934,951.246,1870.062,396.508,373.341,61.549040384292006,12.848173458162051,25.258325347509942,5.355505896002631,5.0425966858664095,23.166999999999973,0.31290921013622125
1981-07-01,7492.405,4578.013,1004.861,1863.621,388.061,369.067,61.10204934196697,13.411728276835008,24.873468532467214,5.179391663958369,4.925881609443163,18.99399999999997,0.25351005451520536
1981-10-01,7410.768,4546.699,969.475,1887.304,389.842,379.634,61.35260205150127,13.081977468462108,25.467050108706683,5.260480425240677,5.122734917622573,10.20799999999997,0.13774550761810342
1982-01-01,7295.631,4580.19,877.772,1885.192,372.923,368.793,62.779902108535914,12.03147472781998,25.840013016009166,5.111593500274342,5.054984277576539,4.1299999999999955,0.056609222697803586
1982-04-01,7328.912,4594.142,877.104,1892.356,375.148,362.754,62.685184376616874,11.967724540832254,25.820421912556736,5.118740680744973,4.949629631246767,12.394000000000005,0.16911104949820663
1982-07-01,7300.896,4624.939,869.067,1907.531,358.512,379.579,63.34755350576149,11.903566356786893,26.127354779468163,4.910520571721608,5.199074195824732,-21.067000000000007,-0.2885536241031239
1982-10-01,7303.817,4705.953,801.889,1936.943,342.083,364.681,64.43141990003309,10.979040137506184,26.519599272544752,4.683619537565085,4.993019403416049,-22.597999999999956,-0.30939986585096474
1983-01-01,7400.066,4752.481,829.672,1955.554,347.601,373.039,64.22214342412622,11.211683787685137,26.426169712540403,4.697268916250207,5.041022607095667,-25.437999999999988,-0.34375369084545987
1983-04-01,7568.456,4849.254,903.148,1971.659,348.641,401.723,64.07190581540013,11.933054773655288,26.051006968924707,4.6065009824989405,5.307859357311451,-53.081999999999994,-0.7013583748125112
1983-07-01,7719.746,4936.211,959.692,2005.68,353.882,433.017,63.94266080775197,12.431652544008573,25.98116570156583,4.584114555064376,5.60921304923763,-79.13499999999999,-1.0250984941732537
1983-10-01,7880.794,5014.874,1053.054,1973.58,361.003,454.259,63.634121130434316,13.362283038993281,25.042908113065764,4.580794777785081,5.764127320165963,-93.25600000000003,-1.1833325423808823
1984-01-01,8034.847,5056.492,1154.826,1994.498,368.538,490.776,62.93202596141533,14.372719231616982,24.82309868501541,4.586745709034659,6.1080939064552195,-122.238,-1.5213481974205607
1984-04-01,8173.67,5127.332,1192.381,2037.823,377.698,511.335,62.729863084758755,14.588073656019878,24.931554613778147,4.620910802613758,6.255880161543101,-133.637,-1.6349693589293426
1984-07-01,8252.465,5165.357,1218.184,2054.317,386.042,524.572,62.591686241625986,14.761456122504002,24.893374282714316,4.677899270096874,6.35654922498914,-138.53000000000003,-1.6786499548922658
1984-10-01,8320.199,5232.266,1202.383,2097.444,393.897,539.948,62.88630836834551,14.451373098167483,25.20906050444226,4.734225707822613,6.489604395279487,-146.051,-1.7553786874568742
1985-01-01,8400.82,5321.159,1169.416,2120.284,394.941,528.04,63.340947669394176,13.920260165079124,25.239012382124603,4.701219642844389,6.2855768841613076,-133.099,-1.584357241316919
1985-04-01,8474.787,5370.011,1189.334,2167.338,394.094,553.985,63.36455417699584,14.033792235722267,25.573952478097684,4.65019356828673,6.53686045442794,-159.89100000000002,-1.8866668861412095
1985-07-01,8604.22,5472.014,1181.226,2216.743,388.346,548.626,63.596862934699494,13.728449528254744,25.763439335581843,4.513436430030845,6.376243285271646,-160.27999999999997,-1.8628068552408001
1985-10-01,8668.188,5483.866,1224.763,2225.878,399.932,570.096,63.26427161016812,14.129400516001727,25.678700092799094,4.613790102383566,6.576876274487817,-170.164,-1.9630861721042503
1986-01-01,8749.127,5531.807,1224.404,2243.464,412.459,569.527,63.2269596726622,13.99458483114944,25.642146925058924,4.714287494055121,6.509529465054056,-157.06800000000004,-1.7952419709989356
1986-04-01,8788.524,5592.08,1203.028,2290.227,416.899,593.759,63.62934208292542,13.688623937307334,26.059290502022865,4.743674819571524,6.75607189557655,-176.86,-2.0123970760050267
1986-07-01,8872.601,5690.971,1170.667,2340.115,426.441,610.217,64.14095483387565,13.194180601607124,26.374622278179753,4.806268195763564,6.8775435748773095,-183.776,-2.0712753791137457
1986-10-01,8920.193,5725.812,1174.171,2330.449,442.373,614.953,64.18932863896555,13.16306721166235,26.125544593037397,4.959231263269753,6.893942765588144,-172.57999999999998,-1.9347115023183914
1987-01-01,8986.367,5731.226,1205.858,2344.118,442.767,611.348,63.776896714768036,13.418748644474457,26.085268941275153,4.927096790059876,6.8030606806955465,-168.58099999999996,-1.8759638906356704
1987-04-01,9083.256,5809.376,1206.486,2362.291,461.008,626.643,63.95697754197395,13.28252776317215,26.007094812697122,5.0753606416025265,6.898880753773757,-165.63500000000005,-1.823520112171231
1987-07-01,9162.024,5875.641,1206.662,2364.769,481.019,638.858,64.13038210770895,13.170255829934522,25.81055234083648,5.250139052244352,6.9728915794152035,-157.83899999999994,-1.7227525271708517
1987-10-01,9319.332,5888.065,1288.881,2400.223,498.964,653.548,63.1811915274614,13.830186541267123,25.755311646800433,5.354074734111844,7.012820232179731,-154.584,-1.6587454980678873
1988-01-01,9367.502,5992.101,1227.008,2380.198,526.673,650.47,63.96690387682863,13.098561388084038,25.409100526479733,5.622342007506377,6.9439003055457045,-123.79700000000003,-1.3215582980393281
1988-04-01,9490.594,6036.355,1256.243,2387.303,541.432,642.978,63.603553160107786,13.236716268760418,25.15441077766049,5.704932694413016,6.774897335193139,-101.54599999999994,-1.0699646407801233
1988-07-01,9546.206,6090.001,1263.222,2387.578,552.101,658.148,63.79498829168363,13.23271255617153,25.010752963009597,5.783459942096368,6.894341060731353,-106.04700000000003,-1.1108811186349847
1988-10-01,9673.405,6159.246,1282.499,2433.9,568.953,678.197,63.67195418779633,13.257989301595458,25.160737093091832,5.881620794332502,7.010943923055015,-109.24400000000003,-1.1293231287225132
1989-01-01,9771.725,6187.816,1326.029,2423.185,585.946,681.351,63.32368133569047,13.570060557373441,24.797924624362636,5.996341485254651,6.97267882589819,-95.40499999999997,-0.9763373406435402
1989-04-01,9846.293,6216.695,1313.202,2460.441,611.6,684.581,63.13741628448392,13.3370193229066,24.988500748454264,6.211474714392513,6.952677520362233,-72.981,-0.7412028059697188
1989-07-01,9919.228,6276.877,1301.412,2482.562,617.848,683.65,63.27989436274679,13.12009362018899,25.027774338890087,6.228791192217781,6.8921694309274875,-65.80200000000002,-0.6633782387097064
1989-10-01,9938.767,6304.157,1291.758,2495.007,627.2,696.019,63.42997073983121,12.99716554377419,25.1037880252148,6.3106419538761696,7.003071910227899,-68.81899999999996,-0.6924299563517281
1990-01-01,10047.386,6357.213,1304.586,2534.913,654.439,718.091,63.27230784205962,12.984332442288968,25.229577125831533,6.513525010385786,7.147043021936253,-63.652000000000044,-0.6335180115504674
1990-04-01,10083.855,6376.579,1304.993,2538.916,662.577,716.887,63.2355284759648,12.941409808054557,25.178029632516534,6.570671633021301,7.109255339351865,-54.309999999999945,-0.5385837063305645
1990-07-01,10090.569,6401.841,1279.695,2542.963,667.592,713.992,63.44380579529262,12.682089582857023,25.20138358897303,6.615999553642614,7.075834871155433,-46.39999999999998,-0.459835317512818
1990-10-01,9998.704,6353.139,1208.107,2559.964,673.47,694.844,63.539624735365706,12.082635909613886,25.602958143375382,6.735572930251761,6.949340634546237,-21.374000000000024,-0.2137677042944768
1991-01-01,9951.916,6329.249,1167.908,2575.22,677.584,686.926,63.59829604671101,11.735509021579361,25.876625164440696,6.808578368225776,6.9024497393265785,-9.342000000000098,-0.09387137110080208
1991-04-01,10029.51,6381.703,1167.904,2585.693,702.289,699.135,63.62926005358188,11.644676559472995,25.780850709556102,7.002226429805643,6.970779230490821,3.1539999999999964,0.03144719931482193
1991-07-01,10080.195,6413.521,1191.028,2578.454,718.914,718.81,63.62496955664052,11.815525394102,25.579405953952282,7.131945364152181,7.130913638079421,0.10400000000004184,0.0010317260727599202
1991-10-01,10115.329,6410.312,1233.261,2559.584,735.102,734.689,63.3722541303402,12.192000873130276,25.304011367302042,7.2672080166646085,7.263125104482514,0.4130000000000109,0.004082912182095223
1992-01-01,10236.435,6530.335,1210.478,2582.28,748.392,740.026,63.79501261913938,11.82519109436049,25.226360544466903,7.311060930880722,7.229333259088736,8.3660000000001,0.08172767179198714
1992-04-01,10347.429,6574.665,1278.935,2577.285,748.748,752.192,63.53911681829371,12.359930181690542,24.907491513109196,7.236077676879929,7.26936130704545,-3.44399999999996,-0.03328363016552189
1992-07-01,10449.673,6645.14,1289.101,2593.701,764.615,764.049,63.59184636686718,12.336280762087005,24.82088195487074,7.317118918458022,7.311702481025003,0.5660000000000309,0.005416437433018535
1992-10-01,10558.648,6724.342,1328.433,2593.4,768.448,782.339,63.685634751722,12.581468763803851,24.561856783179064,7.277901488902747,7.40946189322724,-13.891000000000076,-0.13156040432449378
1993-01-01,10576.275,6750.123,1359.751,2561.222,770.163,799.278,63.82325535219158,12.85661539625246,24.216673639821206,7.281987278129587,7.557273236560132,-29.11500000000001,-0.27528595843054393
1993-04-01,10637.847,6811.522,1367.575,2561.456,779.368,815.792,64.0310205627135,12.855749852390245,24.078706903755997,7.326369706200889,7.668769817802419,-36.42399999999998,-0.3424001116015297
1993-07-01,10688.606,6887.329,1358.287,2565.1,777.273,826.535,64.43617624225273,12.707803056825185,23.998452183568183,7.271977281228254,7.732860580696865,-49.261999999999944,-0.46088329946861123
1993-10-01,10833.987,6947.788,1429.661,2574.165,802.325,859.74,64.12955821342595,13.196074538394779,23.760089429680875,7.4056300787512495,7.935582717608948,-57.414999999999964,-0.5299526388576982
1994-01-01,10939.116,7027.255,1484.116,2542.324,810.201,879.77,64.23969724793118,13.567056058277469,23.240671366863648,7.406457706454525,8.042423172036935,-69.56899999999996,-0.6359654655824105
1994-04-01,11087.361,7081.931,1557.107,2554.916,837.555,912.55,63.873910121624064,14.04398215229034,23.0434997110674,7.5541420541822335,8.230542867685104,-74.995,-0.6764008135028705
1994-07-01,11152.176,7135.93,1531.67,2597.991,868.903,938.211,63.98688471200599,13.734270334327581,23.2958213715422,7.791331485442841,8.41280661280812,-69.30799999999999,-0.6214751273652783
1994-10-01,11279.932,7213.079,1594.684,2575.394,888.962,964.609,63.94612130640503,14.13735472873418,22.83164472977319,7.8809163033961545,8.551549778846185,-75.64700000000005,-0.6706334754500297
1995-01-01,11319.951,7231.032,1611.428,2584.415,906.086,985.774,63.87865106483236,14.235291301172595,22.830620026535453,8.004327933928336,8.70828857828095,-79.68799999999999,-0.7039606443526124
1995-04-01,11353.721,7294.424,1577.96,2593.101,918.791,995.136,64.24699003965308,13.898174880288147,22.839217204650353,8.09242185887781,8.764844582670298,-76.34499999999991,-0.6724227237924899
1995-07-01,11450.31,7360.529,1568.555,2586.304,958.551,998.555,64.28235567421319,13.698799421151046,22.587196329182355,8.37139780495026,8.720768258675966,-40.003999999999905,-0.34937045372570613
1995-10-01,11528.067,7411.873,1607.513,2559.248,972.233,1011.318,64.29415269706534,13.944341232576113,22.200148559164347,8.43361684140108,8.772658937530464,-39.085000000000036,-0.33904209612938613
1996-01-01,11614.418,7480.231,1633.332,2576.137,983.934,1044.193,64.40469940034878,14.06296897528572,22.18050874352895,8.47165996608698,8.99048923501806,-60.259000000000015,-0.5188292689310822
1996-04-01,11808.14,7560.702,1711.813,2608.232,999.928,1067.562,64.02957620759918,14.49688943389899,22.088423748363418,8.46812453104384,9.040898905331407,-67.6339999999999,-0.572774374287567
1996-07-01,11914.063,7606.475,1789.565,2608.223,1008.015,1102.174,63.84450879603373,15.020610517167821,21.89196917961572,8.46071571050111,9.251033841268088,-94.15899999999999,-0.7903181307669767
1996-10-01,12037.775,7667.062,1787.19,2626.227,1070.864,1123.911,63.69168720963799,14.846514409847336,21.816548323921985,8.895863230538867,9.336534367854526,-53.047000000000025,-0.4406711373156586
1997-01-01,12115.472,7747.88,1823.255,2612.572,1091.223,1171.915,63.95029430136936,15.048980345132243,21.56393081507679,9.006855036270975,9.672879438787032,-80.69200000000001,-0.6660244025160555
1997-04-01,12317.221,7782.76,1935.157,2646.418,1134.842,1211.249,63.18600599924286,15.710987080608524,21.485512032300143,9.213458133129219,9.833784747387417,-76.40699999999993,-0.6203266142581993
1997-07-01,12471.01,7915.359,1962.053,2658.663,1161.1,1255.884,63.47007179049652,15.732911768974606,21.318746436736077,9.310392662663247,10.070427335075507,-94.7840000000001,-0.7600346724122593
1997-10-01,12577.495,8009.964,1990.86,2672.005,1159.431,1282.987,63.684891148833685,15.828748093320646,21.244333629232212,9.218298238242193,10.200656012981918,-123.55600000000004,-0.9823577747397237
1998-01-01,12703.742,8090.987,2078.205,2662.448,1164.787,1331.107,63.689793133393295,16.358998789490528,20.957982301592708,9.168849619269661,10.478070162319101,-166.31999999999994,-1.3092205430494412
1998-04-01,12821.339,8233.463,2065.336,2709.053,1151.95,1361.614,64.21687313626136,16.108582730711664,21.12925178875623,8.984631012408299,10.61990483209281,-209.664,-1.6352738196845118
1998-07-01,12982.752,8340.831,2118.989,2729.468,1146.707,1379.986,64.24547738414783,16.32157034194291,21.023801425152385,8.832541821641513,10.629379656947927,-233.279,-1.7968378353064127
1998-10-01,13191.67,8461.33,2183.382,2745.584,1189.349,1424.651,64.14146199836715,16.55121754865002,20.813013060514702,9.015909282145476,10.79962582447863,-235.30200000000013,-1.7837165423331554
1999-01-01,13315.597,8548.235,2243.548,2765.048,1185.37,1464.906,64.19715916605166,16.84902299160901,20.765482764310153,8.902116818344682,11.00142937639221,-279.53600000000006,-2.0993125580475294
1999-04-01,13426.748,8679.143,2244.682,2775.035,1200.094,1506.978,64.64069333840182,16.71798711050509,20.667960700535975,8.938083890455083,11.223700631009088,-306.884,-2.2856167405540044
1999-07-01,13604.771,8776.715,2306.47,2808.44,1236.298,1561.455,64.51203772558905,16.953390836200033,20.643052352737136,9.08723858711036,11.477260440473417,-325.1569999999999,-2.3900218533630584
1999-10-01,13827.98,8905.093,2367.988,2852.137,1262.725,1601.395,64.39908793619892,17.124612560909114,20.62583978281716,9.131666374987525,11.580831039674631,-338.6700000000001,-2.449164664687106
2000-01-01,13878.147,9039.743,2351.223,2831.903,1280.897,1661.851,65.13652723234593,16.9419087432926,20.405483527447863,9.229596717775074,11.974588538368991,-380.9540000000002,-2.7449918205939174
2000-04-01,14130.908,9124.152,2490.501,2859.814,1319.937,1714.792,64.56875948806687,17.624493769260972,20.238005937056556,9.340779799854333,12.135044683611271,-394.855,-2.7942648837569393
2000-07-01,14145.312,9211.569,2466.375,2847.75,1351.623,1776.491,65.1210026332399,17.435988686569797,20.132111614081047,9.555271739499277,12.558867559796488,-424.86799999999994,-3.003595820297212
2000-10-01,14229.765,9292.05,2471.534,2865.194,1338.104,1779.089,65.30009455532118,17.368761887494276,20.13521656893139,9.403556559085832,12.50258876376384,-440.9849999999999,-3.0990322046780103
2001-01-01,14183.12,9325.751,2358.969,2909.984,1321.256,1756.138,65.75246490193976,16.63222901590059,20.517234571800845,9.315693585050399,12.381887765174374,-434.88199999999983,-3.066194180123977
2001-04-01,14271.694,9344.486,2362.652,2960.454,1282.544,1699.93,65.47566112333968,16.554811222830313,20.743536121220092,8.986627656114264,11.911199889795844,-417.38599999999997,-2.9245722336815794
2001-07-01,14214.516,9377.003,2311.409,2957.571,1216.869,1661.369,65.96779658202925,16.26090540121099,20.806695071432614,8.560748744452502,11.687833760924397,-444.5,-3.127085016471894
2001-10-01,14253.574,9528.302,2196.554,3006.637,1174.568,1644.162,66.84851111728189,15.41054896126403,21.09391651525435,8.240515676980383,11.535085866885035,-469.59400000000005,-3.294570189904652
2002-01-01,14372.785,9549.516,2262.071,3059.334,1200.226,1690.878,66.44165344433942,15.738571195492035,21.285603312092956,8.350684992504933,11.764442312328473,-490.6519999999998,-3.4137573198235405
2002-04-01,14460.848,9597.82,2298.939,3082.755,1235.95,1747.541,66.37107312102304,15.897677646566786,21.3179406906151,8.546870833577671,12.084637083523733,-511.5909999999999,-3.5377662499460603
2002-07-01,14519.633,9664.988,2295.983,3098.595,1239.872,1769.759,66.5649606983868,15.812954776474033,21.340725347534608,8.539279195279937,12.18873094106442,-529.887,-3.6494517457844835
2002-10-01,14537.58,9718.745,2293.746,3121.374,1221.597,1801.535,66.852564181934,15.778045589430977,21.47107015060278,8.403028564589155,12.392261985832581,-579.9380000000001,-3.9892334212434264
2003-01-01,14614.141,9766.616,2312.465,3124.051,1217.842,1793.694,66.82990125796651,15.823475358558536,21.37690473904693,8.333312235046863,12.273687519505936,-575.8519999999999,-3.940375284459072
2003-04-01,14743.567,9878.442,2327.492,3152.71,1219.986,1819.841,67.00170996611607,15.786491830640442,21.383631247445074,8.274700416798732,12.343288432168416,-599.8549999999998,-4.068588015369685
2003-07-01,14988.782,10018.122,2411.638,3159.86,1253.316,1848.341,66.83746551254131,16.089619556812554,21.08149948408083,8.361693431794526,12.331495647878526,-595.0249999999999,-3.9698022160840014
2003-10-01,15162.76,10087.092,2493.928,3178.923,1309.666,1907.048,66.52543468339537,16.44771796163759,20.965332169077396,8.637385278141974,12.577182518222276,-597.3820000000001,-3.9397972400803027
2004-01-01,15248.68,10181.141,2498.14,3193.302,1339.286,1960.461,66.76735953538272,16.382663942059246,20.941497887030224,8.78296350897258,12.856594800336815,-621.175,-4.073631291364236
2004-04-01,15366.85,10236.694,2597.507,3201.827,1367.358,2037.69,66.6154351737669,16.903314602537282,20.835935796861428,8.898102083380783,13.2602973283399,-670.3320000000001,-4.362195244959117
2004-07-01,15512.619,10356.936,2638.672,3207.809,1371.93,2065.934,66.76458694692366,17.009842116279657,20.6787067999285,8.843961164778172,13.317764073236118,-694.0040000000001,-4.473802908457947
2004-10-01,15670.88,10474.084,2693.575,3205.846,1404.51,2114.053,66.837880195624,17.18840932991638,20.457345088469825,8.962547093717776,13.490327282194745,-709.5429999999999,-4.527780188476971
2005-01-01,15844.727,10540.638,2769.261,3221.699,1430.827,2132.265,66.52457943895152,17.47749266995891,20.33294104720138,9.03030389857774,13.457253002844416,-701.4379999999999,-4.426949104266674
2005-04-01,15922.782,10657.449,2733.225,3219.797,1462.813,2160.811,66.93207882893832,17.16549909431656,20.22132187704385,9.186918466886002,13.570561978428142,-697.998,-4.383643511542141
2005-07-01,16047.587,10745.873,2769.106,3230.377,1462.546,2172.945,66.96254707950796,17.255591136536605,20.129985897568275,9.113806331132524,13.540633866013627,-710.3990000000001,-4.4268275348811015
2005-10-01,16136.734,10765.68,2857.35,3232.898,1507.833,2242.978,66.71535888241078,17.70711471106855,20.03440101324097,9.344102716200194,13.89982632173276,-735.145,-4.5557236055325685
2006-01-01,16353.835,10883.075,2899.229,3273.905,1568.985,2289.138,66.54754068388242,17.728129212505813,20.01918815984141,9.593988199098254,13.997560816774781,-720.153,-4.403572617676527
2006-04-01,16396.151,10939.498,2882.564,3272.721,1598.092,2311.934,66.71991493613348,17.580735869046336,19.9603004388042,9.74675092953218,14.10046784760643,-713.8420000000001,-4.353716918074248
2006-07-01,16420.738,11009.748,2871.589,3267.713,1596.037,2335.034,67.04782696124863,17.487575771563982,19.899915582356893,9.719642320582668,14.220030792769483,-738.9970000000001,-4.500388472186816
2006-10-01,16561.866,11114.771,2818.228,3294.635,1656.573,2332.033,67.11062026464893,17.016367600124287,19.892897334153048,10.002333070440251,14.080738245316073,-675.4599999999998,-4.078405174875824
2007-01-01,16611.69,11183.323,2800.037,3299.115,1689.392,2365.98,67.32200637021279,16.85582261648273,19.86020085855202,10.169898426951143,14.242861502953645,-676.588,-4.072963076002502
2007-04-01,16713.314,11212.669,2827.01,3329.139,1714.981,2378.558,67.08824473710003,16.91471840952668,19.919083671855866,10.26116663637146,14.231516263022403,-663.577,-3.9703496266509446
2007-07-01,16809.587,11287.468,2794.526,3344.222,1768.587,2391.879,67.14899063254796,16.624596428216826,19.8947303107447,10.52129954174365,14.2292550078714,-623.2919999999999,-3.707955466127751
2007-10-01,16915.191,11331.949,2762.518,3370.95,1809.181,2369.287,66.99273451893036,16.331580293713504,19.92853642622185,10.695599003286455,14.006859278148262,-560.1059999999998,-3.3112602748618083
2008-01-01,16843.003,11316.411,2686.998,3378.654,1838.024,2378.171,67.18760900297886,15.95320026957188,20.059688880896122,10.912685819743663,14.119637691687165,-540.1469999999999,-3.2069518719435
2008-04-01,16943.291,11347.595,2641.85,3407.753,1892.001,2355.67,66.97397217577151,15.592307303226981,20.11269829456391,11.16666767985039,13.903261178716697,-463.6690000000001,-2.736593498866307
2008-07-01,16854.295,11260.136,2589.254,3435.1,1883.563,2325.941,66.80870365684237,15.362576720058597,20.381155070562134,11.175566821394787,13.80028651450565,-442.3779999999997,-2.624719693110864
2008-10-01,16485.35,11158.801,2338.938,3458.839,1772.8,2241.832,67.6891967716791,14.18797902379992,20.981289447903748,10.753790486704863,13.598934811817767,-469.0319999999999,-2.845144325112903
2009-01-01,16298.262,11130.464,2073.135,3498.103,1631.257,2028.74,68.29233693752131,12.71997590908773,21.463043114658483,10.008778850162061,12.447584901997526,-397.48299999999995,-2.4388060518354653
2009-04-01,16269.145,11075.748,1952.641,3549.027,1641.991,1946.352,68.07824258742545,12.002111973308985,21.814465357583327,10.092669282866432,11.963455977557517,-304.3610000000001,-1.8707866946910863
2009-07-01,16326.281,11150.23,1946.867,3558.54,1702.68,2026.658,68.29620291357229,11.924742689409792,21.79639073956892,10.429074447511958,12.413470036440017,-323.97799999999984,-1.984395588928059
2009-10-01,16502.754,11137.946,2128.516,3565.188,1796.464,2125.297,67.49143809572632,12.89794418555836,21.60359416373776,10.88584365979157,12.878438350350493,-328.8330000000001,-1.9925946905589218
2010-01-01,16582.71,11202.495,2174.335,3549.775,1836.914,2178.743,67.555272931867,13.11206069454269,21.40648301755262,11.077284714018397,13.138642598224296,-341.82899999999995,-2.0613578842058984
2010-04-01,16743.162,11302.955,2288.469,3560.566,1877.331,2278.127,67.50788769767621,13.668081333740902,21.26579196928274,11.212523655925922,13.606312833860173,-400.79600000000005,-2.3937891779342517
2010-07-01,16872.266,11383.596,2390.072,3535.371,1930.963,2357.757,67.46927768919717,14.165684680409852,20.95374148321275,11.444597898112796,13.974157353849211,-426.7940000000001,-2.5295594557364147
2010-10-01,16960.864,11453.368,2383.297,3512.905,1983.824,2366.425,67.5282108269956,14.051742882909737,20.711828123850292,11.696479613302719,13.952266818482832,-382.6010000000001,-2.255787205180114
2011-01-01,16920.632,11497.12,2338.901,3469.798,2000.839,2377.978,67.94734381079856,13.822775650460336,20.50631442135258,11.824847913482191,14.053718560866994,-377.1390000000001,-2.228870647384803
2011-04-01,17035.114,11508.95,2434.538,3446.079,2034.722,2386.867,67.56015838813876,14.291292679344558,20.229268791509114,11.944281676072139,14.011453049272227,-352.1450000000002,-2.0671713732000865
2011-07-01,17031.313,11543.975,2445.296,3396.917,2062.73,2413.346,67.78088688758173,14.357648174277578,19.945126955273505,12.111397400775854,14.1700525379341,-350.616,-2.058655137158245
2011-10-01,17222.583,11563.89,2633.829,3394.613,2078.364,2445.03,67.14376118843498,15.29288028398528,19.710243231227278,12.067667201836102,14.196650990156357,-366.66600000000017,-2.1289837883202547
2012-01-01,17367.01,11647.297,2692.179,3380.162,2103.747,2457.077,67.06564342393999,15.50168393983766,19.463120018932447,12.113466854685981,14.147956383971682,-353.3300000000004,-2.0344895292857
2012-04-01,17444.525,11667.753,2752.614,3362.33,2124.46,2466.212,66.88489941686575,15.779243057635561,19.27441417866064,12.178376883291461,14.13745573467893,-341.75199999999995,-1.9590788513874695
2012-07-01,17469.65,11691.414,2759.86,3357.201,2137.473,2479.452,66.92414558963688,15.798026863732243,19.21733406221647,12.235351023059991,14.192911706874495,-341.97900000000027,-1.9575606838145025
2012-10-01,17489.852,11738.007,2736.423,3324.137,2139.526,2456.092,67.11324372556155,15.645775618913186,19.00608993146426,12.232956573903541,14.042954737410016,-316.56600000000026,-1.809998163506474
2013-01-01,17662.4,11814.326,2845.38,3293.099,2150.631,2453.983,66.88969788930156,16.109815200652232,18.644685886402755,12.176323715916295,13.893825301204817,-303.3520000000003,-1.717501585288524
2013-04-01,17709.671,11848.089,2882.489,3288.858,2170.131,2489.615,66.90180184600833,16.276355444434852,18.570971758876833,12.253931764175631,14.057940432659647,-319.4839999999999,-1.804008668484016
2013-07-01,17860.45,11896.258,2998.991,3272.825,2188.712,2507.502,66.60670923744922,16.791239862377484,18.324426316246228,12.254517663328752,14.039411101064081,-318.78999999999996,-1.7848934377353312
2013-10-01,18016.147,12001.027,3027.805,3247.579,2251.769,2527.321,66.61261700406862,16.806062916782373,18.025935290159435,12.498615825015191,14.028088247725776,-275.55200000000013,-1.5294724227105836
2014-01-01,17953.974,12044.203,2998.148,3233.646,2230.209,2559.945,67.0837720941336,16.699077318481137,18.01075349669104,12.421812574753645,14.258375332391592,-329.73600000000033,-1.8365627576379489
2014-04-01,18185.911,12159.899,3121.321,3238.033,2278.387,2618.248,66.8643929908158,17.163401932408004,17.80517346642684,12.528308315156716,14.397123135596562,-339.8609999999999,-1.868814820439844
2014-07-01,18406.941,12280.086,3193.152,3259.9,2287.79,2623.176,66.7144312572089,17.347542973055656,17.710167050570764,12.428952752116716,14.251015418585848,-335.38599999999997,-1.8220626664691324
2014-10-01,18500.031,12421.595,3203.351,3257.472,2306.749,2692.035,67.14364424578531,17.315381795846722,17.607927251581366,12.468892619693447,14.551516156918872,-385.28600000000006,-2.0826235372254245
2015-01-01,18666.621,12516.902,3314.895,3277.17,2288.491,2732.128,67.05499618811568,17.758409516108994,17.55631080740323,12.25980320701856,14.636435806994744,-443.63700000000017,-2.376632599976183
2015-04-01,18782.243,12603.053,3328.049,3309.301,2294.628,2753.525,67.10089417967812,17.719124387859324,17.619306703677513,12.217007308445538,14.660256498651414,-458.89699999999993,-2.443249190205877
2015-07-01,18857.418,12691.79,3335.27,3326.769,2276.101,2772.301,67.30396494366302,17.68677981259152,17.64169940974952,12.070056462661007,14.701381705597234,-496.1999999999998,-2.631325242936227
2015-10-01,18892.206,12743.411,3315.334,3341.055,2273.012,2780.142,67.45327147078537,17.548686479493185,17.68483257063786,12.031480071729053,14.71581455336661,-507.12999999999965,-2.6843344816375585
2016-01-01,19001.69,12839.618,3301.09,3371.646,2266.512,2776.83,67.57092658600368,17.372612646559336,17.7439269875469,11.927949566591185,14.613594896032932,-510.31799999999976,-2.6856453294417486
2016-04-01,19062.709,12903.306,3287.033,3369.042,2284.053,2780.375,67.68873196354201,17.24326274927661,17.673469180062497,11.981786009533064,14.585413856970696,-496.3220000000001,-2.603627847437634
2016-07-01,19197.938,12993.064,3301.079,3383.696,2321.136,2800.667,67.67947682714676,17.19496645941872,17.625309551473705,12.09054847452888,14.588374022251765,-479.53099999999995,-2.4978255477228855
2016-10-01,19304.352,13060.061,3391.749,3389.649,2303.823,2841.006,67.65345451637019,17.569867147055753,17.558988771029455,11.934215662872289,14.716919790936261,-537.183,-2.782704128063972
2017-01-01,19398.343,13160.475,3382.703,3380.244,2359.904,2885.003,67.84329465666217,17.438102831772795,17.42542649132454,12.165492691824245,14.872419773173409,-525.0990000000002,-2.7069270813491655
2017-04-01,19506.949,13225.743,3435.929,3389.811,2367.862,2912.428,67.80016188077387,17.613871856639395,17.37745354232484,12.138556367784629,14.930207691628251,-544.5659999999998,-2.79165132384362
2017-07-01,19660.766,13315.382,3493.166,3394.009,2381.788,2923.573,67.7256521948331,17.76719177675987,17.26285232223404,12.11442117768962,14.870086953885723,-541.7849999999999,-2.7556657761961048
2017-10-01,19882.352,13460.902,3558.859,3424.498,2443.487,3005.351,67.70276474332616,17.899587533708285,17.2238073242039,12.289728096555178,15.115671425593916,-561.864,-2.8259433290387377
2018-01-01,20044.077,13558.373,3612.936,3431.709,2459.308,3017.795,67.64279043629696,18.024955701377518,17.12081329561845,12.269499862727526,15.055794287758923,-558.4870000000001,-2.786294425031395
2018-04-01,20150.476,13630.967,3612.389,3456.309,2472.656,3021.689,67.64588092112564,17.927065345751636,17.152493072620224,12.270955782880762,14.995620947118073,-549.0329999999999,-2.7246651642373108
2018-07-01,20276.154,13693.79,3722.248,3483.628,2441.791,3064.175,67.53642727314066,18.35776153603884,17.180911133344125,12.042673378787715,15.112210136103723,-622.384,-3.069536757316008
2018-10-01,20304.874,13736.572,3724.752,3488.352,2451.936,3096.191,67.6515993155141,18.344127621771992,17.179875137368494,12.075603128588734,15.248511268772216,-644.2549999999997,-3.1729081401834835
2019-01-01,20431.641,13758.331,3755.53,3536.6,2474.928,3094.294,67.33835525007513,18.380951388094573,17.309427079303124,12.113212051836658,15.144618095041901,-619.366,-3.031406043205242
2019-04-01,20602.275,13875.705,3790.049,3584.587,2462.392,3111.425,67.35035329836147,18.396264490207997,17.39898627700096,11.952039277215743,15.102336999190625,-649.0330000000004,-3.1502977219748804
2019-07-01,20843.322,14033.222,3819.94,3625.512,2462.912,3097.883,67.32718517710371,18.32692504582523,17.39411788581494,11.81631219821869,14.862712383371518,-634.971,-3.046400185152827
2019-10-01,20985.448,14125.274,3770.431,3654.831,2477.908,3039.834,67.30985204604639,17.966883528052392,17.41602561927675,11.80774410915602,14.48543771855621,-561.9259999999999,-2.67769360940019
2020-01-01,20709.212,13887.048,3676.274,3694.317,2386.717,2931.505,67.05734626696565,17.751877763383753,17.839003241649177,11.524904955340649,14.155560337109883,-544.788,-2.630655381769234
2020-04-01,19077.992,12685.319,3163.508,3773.803,1886.408,2435.856,66.4918980991291,16.5819757131673,19.78092348502924,9.887874992294787,12.76788458659591,-549.4480000000003,-2.880009594301121
2020-07-01,20558.879,13813.706,3755.526,3709.59,2115.807,2837.626,67.19094946762418,18.267173030202667,18.043736723193906,10.291451202178873,13.802435434344451,-721.8190000000004,-3.510984232165579
2020-10-01,20791.917,14001.366,3878.929,3713.073,2242.313,3049.403,67.3404284944,18.65594692398974,17.858252319879885,10.784541896738045,14.666290751353037,-807.0899999999997,-3.881748854614991
2021-01-01,21082.134,14319.617,3849.329,3765.689,2247.373,3107.094,67.92299584093338,18.25872561098417,17.861991580169256,10.660083082670853,14.73804312220006,-859.721,-4.077960039529206
2021-04-01,21440.929,14820.014,3799.029,3721.606,2270.167,3174.424,69.12020463292426,17.718583928895992,17.357484836594534,10.588006704373678,14.80544056649784,-904.2570000000001,-4.217433862124165
2021-07-01,21617.828,14943.244,3937.3,3693.852,2268.632,3225.508,69.12463176226584,18.213208098426907,17.087063510728274,10.494264271137691,14.920592392538232,-956.8759999999997,-4.426328121400539
2021-10-01,21988.737,15086.862,4191.773,3693.416,2402.502,3387.133,68.61177156286875,19.063273165712065,16.79685377109199,10.926057281052568,15.403945210677627,-984.6309999999999,-4.477887929625061
2022-01-01,21932.71,15100.85,4272.382,3665.467,2377.526,3484.366,68.85081688491755,19.479498885454646,16.712330578391818,10.840092264020269,15.886618662262894,-1106.8400000000001,-5.046526398242626
2022-04-01,21967.045,15224.357,4176.99,3652.407,2451.687,3544.731,69.3054391248345,19.014801490141256,16.62675612491348,11.160750114546586,16.13658550797342,-1093.0440000000003,-4.975835393426838
2022-07-01,22125.625,15295.828,4105.292,3667.845,2538.933,3492.024,69.1317330018926,18.55446795288269,16.577362221406176,11.475079235049858,15.78271348266998,-953.0909999999999,-4.307634247620124
2022-10-01,22278.345,15326.248,4184.98,3705.121,2520.098,3464.615,68.79437408838044,18.784968093455774,16.63104238667639,11.31187258299483,15.551491818624767,-944.5169999999998,-4.239619235629935
2023-01-01,22439.607,15495.754,4108.542,3742.908,2543.543,3455.733,69.05537160254188,18.309331353263005,16.679917790004076,11.335060368927138,15.400149387643019,-912.19,-4.065089018715881
2023-04-01,22580.499,15553.719,4180.752,3773.544,2509.264,3437.378,68.88120142960526,18.514878701307712,16.71151731412136,11.112526786941245,15.222772534831938,-928.114,-4.110245747890691
2023-07-01,22840.989,15671.906,4275.527,3821.238,2536.726,3462.895,68.61307975762345,18.718659686758745,16.729739679836104,11.106025225089859,15.160880292880488,-926.1689999999999,-4.054855067790627
2023-10-01,23033.78,15789.717,4313.169,3865.061,2574.628,3508.776,68.55026400356347,18.725406772140744,16.779968376879523,11.177618263263781,15.233174928300958,-934.1479999999997,-4.055556665037175
2024-01-01,23082.119,15857.704,4296.251,3887.055,2603.639,3567.779,68.70124878916013,18.612896848855172,16.84011333621493,11.279895922900321,15.456895443611568,-964.1399999999999,-4.176999520711248
2024-04-01,23286.508,16009.637,4381.983,3919.17,2607.96,3640.206,68.75069890255764,18.817690484120675,16.830217738099677,11.199446477763003,15.632253663795362,-1032.246,-4.432807186032359
2024-07-01,23478.57,16165.768,4392.176,3971.281,2664.338,3729.233,68.85329046871253,18.707169985224827,16.914492662883642,11.34795688153069,15.88356105163134,-1064.895,-4.535604170100649
2024-10-01,23586.542,16320.89,4315.564,4003.781,2658.454,3727.448,69.19577274193054,18.296721918795896,16.974853711069642,11.271062964634664,15.803283075577587,-1068.9939999999997,-4.532220110942925
2025-01-01,23548.21,16345.793,4547.947,3993.923,2659.528,4040.246,69.4141635393943,19.313344835976917,16.960622484681426,11.293970964247388,17.157338073679487,-1380.7180000000003,-5.863367109432098
2025-04-01,23770.976,16445.685,4382.819,3992.974,2647.279,3705.316,69.18388626533468,18.43769056853198,16.79768638864471,11.136602047808218,15.587563590152968,-1058.0369999999998,-4.450961542344748
2025-07-01,24026.834,16585.878,4383.186,4014.983,2708.774,3664.266,69.03064298858519,18.242877942220765,16.71041219995943,11.273953114255503,15.250723420322462,-955.4920000000002,-3.9767703060669595
2025-10-01,24055.749,16665.219,4408.299,3957.098,2686.754,3655.411,69.27748955145816,18.32534501420014,16.4496977416916,11.168864457307066,15.19558172975616,-968.6570000000002,-4.026717272449094
2026-01-01,24180.419,16687.728,4492.865,4000.209,2756.983,3758.804,69.01339468104337,18.580592007111207,16.54317487219721,11.401717232443326,15.544825753432972,-1001.8209999999999,-4.1431085209896485
2026-04-01,24269.613,16829.681,4523.335,3990.537,2787.519,3871.231,69.34466157330156,18.637853846289186,16.44252423802555,11.485634319756148,15.95093831945322,-1083.7120000000004,-4.465303999697071
